Entry,Date,AI Tool,Model,Purpose,Prompt (summary),What AI Provided,How I Used the Output,What I Modified
1,2026-04-12,Claude Code CLI,Claude Sonnet 4.6,Read and summarize Quinn Chapter 15 FFT,Asked Claude to read Quinn15_Fast Fourier Transformation.pdf and extract key content — algorithm description, parallel design, performance analysis.,Summary of Quinn Ch. 15: DFT definition and O(N²) cost; Cooley-Tukey radix-2 DIT derivation; twiddle factor symmetry; butterfly operations; log₂(N) stage structure; bit-reversal permutation; parallel design (stage-based vs butterfly-based); memory access stride behavior; arithmetic intensity analysis.,Used as theoretical foundation for §2 (Theory) and §3 (PCAM Analysis) in the notebook. Informed the 5N log₂N FLOP count and OI formula used in the Roofline section.,Wrote all theory markdown cells independently using the summary as a reference. Verified key formulas against the textbook.
2,2026-04-12,Claude Code CLI,Claude Sonnet 4.6,Explore past IMC project structures,Asked Claude to explore IMC05 / IMC06 / IMC08 / IMC11 directories and report on structure, benchmarking methodology, rubric weights, and patterns that make a strong project.,Report covering: universal directory layout; 3 warmup + 10 timed runs median methodology; PCAM pattern across all projects; Roofline + Nsight requirements; IMC11 rubric breakdown (40 pts presentation / 20 pts theory / 20 pts implementation / 20 pts profiling); AI usage log format.,Used structural patterns and rubric analysis to design the IMC15 project layout and decide which notebook sections to include.,Made final structural decisions independently: single-notebook format, no separate code/ scripts, Colab single GPU only.
3,2026-04-12,Claude Code CLI,Claude Sonnet 4.6,Design IMC15 project structure and notebook plan,Asked Claude to propose a simple project structure with all implementations in a single notebook targeting Google Colab single GPU based on Quinn Ch. 15.,Proposed repository layout; 5-implementation plan (Reference DFT → NumPy → SciPy → CuPy → Numba CUDA); 16-section notebook outline; benchmark config (2^10 to 2^24 signal sizes, complex64/complex128, 3 warmup / 10 timed median); FLOP count formula; Roofline OI analysis; rationale for why single GPU is sufficient.,Adopted the proposed structure and section outline as the project scaffold.,Dropped Multi-GPU section after discussion confirming Quinn Ch. 15 covers shared-memory parallelism only. Kept 5 implementations.
4,2026-04-12,Claude Code CLI,Claude Sonnet 4.6,Create repository structure and supporting files,Asked Claude to create the directory layout and write README.md and profiling/nsight_notes.md.,Directories created; README.md with overview / structure tree / how-to-run / implementations table / benchmark config / references; nsight_notes.md with Nsight Systems and Compute methodology template.,Used README and nsight_notes.md as documentation scaffolds to be filled in as work progresses.,Updated README to remove Kaggle / dual-GPU references after deciding on Colab-only target.
5,2026-04-12,Claude Code CLI,Claude Sonnet 4.6,Build main Jupyter notebook with all 5 implementations,Asked Claude to build imc15_fft_main.ipynb covering all sections from environment setup through conclusions.,Complete 32-cell notebook with: hardware info; problem statement; Quinn Ch. 15 theory markdown; PCAM tables for 3 backends; benchmark config; shared utilities (CPU/GPU timing, signal generator, correctness metric, CSV logger); all 5 implementation cells with correctness checks and timing; 3-panel results plot; correctness validation table; inline Roofline plot; NVTX profiling cell; conclusions.,Used as the primary project deliverable. Will run on Colab to collect benchmark results.,Will fill in actual benchmark numbers and conclusions after running. Reviewed all PCAM tables and implementation code for correctness.
6,2026-04-12,Claude Code CLI,Claude Sonnet 4.6,Create separate Roofline notebook,Asked for a standalone Roofline notebook that loads benchmarks.csv and auto-detects GPU hardware ceilings.,Separate imc15_fft_roofline.ipynb with pandas CSV loader; GPU auto-detect ceiling lookup (T4/V100/A100/L4/RTX); fft_oi function; OI table; detailed Roofline plot with kernel point annotations and interpretation markdown.,Kept as reference for the upgraded Roofline section design before merging into the main notebook.,Replaced the hardcoded T4 values in the main notebook's Roofline section with the GPU auto-detect approach from this notebook. Deleted the separate file after merging.
7,2026-04-12,Claude Code CLI,Claude Sonnet 4.6,Combine notebooks and confirm GPU environment,Asked Claude to merge the roofline notebook into the main notebook and advise on whether dual GPU (Kaggle) is needed or Colab single GPU is sufficient.,Explained Colab single GPU is sufficient since Quinn Ch. 15 covers shared-memory butterflies not distributed multi-GPU. Merged Roofline section into main notebook with GPU auto-detect ceilings. Removed Multi-GPU section. Produced combined 33-cell notebook.,Adopted single-notebook single-GPU approach as final architecture.,Verified merged notebook flow. Confirmed all section content correct after merge.
8,2026-04-12,Claude Code CLI,Claude Sonnet 4.6,Remove section number prefixes from markdown headings,Asked Claude to strip all § N — prefixes from heading cells in the notebook (e.g. '## § 0 — Environment Setup' → '## Environment Setup').,Python regex script that stripped § N — patterns from heading lines and § N from table rows across all markdown cells. 16 lines updated.,Applied directly.,Verified all headings look correct and sub-headings (2.1, 3.1, etc.) were preserved.
9,2026-04-12,Claude Code CLI,Claude Sonnet 4.6,Populate AI usage log,Asked Claude to write the AI usage log in records format matching past IMC projects.,This AI usage log.,Submitted as part of the assignment deliverables.,Reviewed all entries for completeness and accuracy.
